<?xml version="1.0" encoding="UTF-8"?>

<!DOCTYPE mapper PUBLIC "-//mybatis.org//DTD Mapper 3.0//EN" "http://mybatis.org/dtd/mybatis-3-mapper.dtd">
<mapper namespace="com.example.health.web.dao.member.MemberDao">

	<select id="getMember" resultType="com.example.health.web.dto.user.MemberDto">
		SELECT * FROM health_tmember WHERE MemberSeq=${param1}
	</select>
	
	<select id="getTrainer" resultType="com.example.health.web.dto.user.TrainerDto">
		SELECT * FROM health_tuser WHERE UserSeq=${param1}
	</select>

	<select id="getMembersRecord" parameterType="com.example.health.web.dto.user.MemberDto"
	 resultType="com.example.health.web.dto.pt.PTdetailDto">
		SELECT * FROM health_tpstraindetail WHERE MemberSeq=#{memberSeq} ORDER BY PsTrainDate
	</select>
	
	<select id="getMembersPt" parameterType="com.example.health.web.dto.user.MemberDto" 
	 resultType="com.example.health.web.dto.pt.PersonalTrainingDto">
		select * from health_tpstrain where psTrainSeq=#{psTrainSeq}
	</select>
	
	<select id="getMembersInbody" parameterType="com.example.health.web.dto.user.MemberDto" 
	 resultType="com.example.health.web.dto.pt.InbodyDto">
		SELECT * FROM health_tinbody WHERE MemberSeq=#{memberSeq} ORDER BY InbodyDate
	</select>
	
	<select id="getMemberInfo" parameterType="com.example.health.web.dto.user.MemberDto"
	resultType="com.example.health.web.dto.user.MemberDto">
		SELECT * from health_tmember WHERE memberName=#{memberName} AND MemberPhone=#{memberPhone}
	</select>
	
	<select id="getMemberPtRecord" parameterType="com.example.health.web.dto.pt.PTdetailDto"
	resultType="com.example.health.web.dto.pt.PTdetailDto">
		SELECT * FROM health_tpstraindetail WHERE PsTrainDetailSeq=#{psTrainDetailSeq}
	</select>
	
	<select id="getMemberInbodyRecord" parameterType="com.example.health.web.dto.pt.InbodyDto"
	 resultType="com.example.health.web.dto.pt.InbodyDto">
		SELECT * FROM health_tinbody WHERE InBodySeq=#{inBodySeq}
	</select>
</mapper>

