<?xml version="1.0" encoding="UTF-8"?>

<!DOCTYPE mapper PUBLIC "-//mybatis.org//DTD Mapper 3.0//EN" "http://mybatis.org/dtd/mybatis-3-mapper.dtd">
<mapper namespace="com.example.health.web.dao.trainer.TrainerDao">

	<select id="getTrainer" resultType="com.example.health.web.dto.user.TrainerDto">
		SELECT * FROM health_tuser WHERE UserID='${param1}'
	</select>
	
	<select id="getTrainerList" resultType="com.example.health.web.dto.user.TrainerDto">
		SELECT * FROM health_tuser
	</select>
	
	<select id="getMember" resultType="com.example.health.web.dto.user.MemberDto">
		SELECT * FROM health_tmember WHERE MemberSeq=${param1}
	</select>
	
	<insert id="registerMember" parameterType="com.example.health.web.dto.user.MemberDto">
		INSERT INTO health_tmember(
		MemberName, MemberAge, MemberGender, MemberPhone, EnrollFr, 
		EnrollTo, UserSeq, PsTrainSeq, 
		PsTrainCheck, LastUserSeq, LastDate)
		VALUES(#{memberName}, #{memberAge}, #{memberGender}, #{memberPhone}, #{enrollFr}, 
		#{enrollTo}, #{userSeq}, #{psTrainSeq}, #{psTrainCheck},
		 #{lastUserSeq}, #{lastDate})
	</insert>
	
	<select id="getMemberListForSearch" resultType="com.example.health.web.dto.user.MemberDto">
		SELECT *
  		FROM health_tmember
 		WHERE UserSeq = ${param1}
   		AND MemberName LIKE '%${param2}%'
	</select>
	
	<select id="getMemberListForAdmin"
	 resultType="com.example.health.web.dto.user.MemberDto">
		SELECT * FROM health_tmember WHERE MemberName LIKE '%${param1}%'
	</select>
	
	<select id="getMemberList" parameterType="com.example.health.web.dto.user.TrainerDto"
	 resultType="com.example.health.web.dto.user.MemberDto">
		SELECT * FROM health_tmember WHERE UserSeq=#{userSeq}
	</select>
	
	<select id="getAllMemberList"
	 resultType="com.example.health.web.dto.user.MemberDto">
		SELECT * FROM health_tmember WHERE PsTrainCheck=1
	</select>
	
	<select id="getPTList" resultType="com.example.health.web.dto.pt.PersonalTrainingDto">
		SELECT * FROM health_tpstrain
	</select>
	
	<select id="getPtDetail" resultType="com.example.health.web.dto.pt.PTdetailDto">
		SELECT * FROM health_tpstraindetail WHERE psTrainDetailSeq=${param1}
	</select>
	
	<select id="getInbody" resultType="com.example.health.web.dto.pt.InbodyDto">
		SELECT * FROM health_tinbody WHERE InBodySeq=${param1}
	</select>
	
	<insert id="registerTrainer" parameterType="com.example.health.web.dto.user.TrainerDto">
      INSERT INTO health_tuser(
         UserID
         ,UserPW
         ,TrainName
         ,TrainPhone
         ,UserAuthSeq
         ,LastUserSeq
         ,LastDate
         )
      VALUES(
      	#{userId}
         ,#{userPw}
         ,#{trainName}
         ,#{trainPhone}
         ,#{userAuthSeq}
         ,#{lastUserSeq}
         ,#{lastDate}
      )
   </insert>

	<insert id="registerMemberInbodyInfo" parameterType="com.example.health.web.dto.pt.InbodyDto">
		      INSERT INTO health_tinbody(
            MemberSeq
            ,Weight
            ,Height
            ,MuscleMass
            ,FatMass
            ,BMI
            ,BMetabolicRate
            ,UserSeq
            ,InBodyDate
            ,LastDate)
      VALUES(
            #{memberSeq}
            ,#{weight}
            ,#{height}
            ,#{muscleMass}
            ,#{fatMass}
            ,#{bmi}
            ,#{bMetabolicRate}
            ,#{userSeq}
            ,#{inBodyDate}
            ,#{lastDate})
                
	</insert>
	
	<insert id="registerMemberPtInfo" parameterType="com.example.health.web.dto.pt.PTdetailDto">
		   INSERT INTO health_tpstraindetail(
            PsTrainDate
            ,MemberSeq
            ,TrainData
            ,Remark
            ,UserSeq
            ,LastDate)
      VALUES(
            #{psTrainDate}
            ,#{memberSeq}
            ,#{trainData}
            ,#{remark}
            ,#{userSeq}
            ,#{lastDate})                
	</insert>
	
	<select id="getPtPrices" resultType="com.example.health.web.dto.pt.PTpriceDto">
		SELECT * FROM health_tpstrainprice
	</select>
	
	<insert id="registerPtPrograms" parameterType="com.example.health.web.dto.pt.PersonalTrainingDto">
		INSERT INTO `health_tpstrain`(		   
		   PsTrainName,
		   PsTrainCount,
		   PsTrainPriceSeq,
		   LastUserSeq,
		    LastDate
		    )
		VALUES(		   
		    #{psTrainName},
		    #{psTrainCount},
		    #{psTrainPriceSeq},
		    #{lastUserSeq},
		   #{lastDate}    
    		)
	</insert>
	
</mapper>

